{
    "CLAIM_TARGET_BALANCE": 50,
    "BALANCE_INCREASE_RATE": 0.17713065604713185,
    "ETCPOW_INCREMENT": 0.0006327271806942283
}